{
    "taskMgmtPage": {
        "loginBtn": {
            "locatorType": "css",
            "locatorValue": ".island-button"
        },
        "signInButton": {
            "locatorType": "id",
            "locatorValue": "submitFrm"
        },
        "username": {
            "locatorType": "name",
            "locatorValue": "username"
        },
        "password": {
            "locatorType": "name",
            "locatorValue": "password"
        },
        "loginUsername": {
            "locatorType": "name",
            "locatorValue": "loginUserName"
        },
        "loginButton": {
            "locatorType": "id",
            "locatorValue": "loginBtn"
        },
        "invSignInMsg": {
            "locatorType": "xpath",
            "locatorValue": "//b"
        },
        "assetsTab": {
            "locatorType": "id",
            "locatorValue": "profilePageLi"
        },
        "casesTab": {
            "locatorType": "id",
            "locatorValue": "notificationPageLi"
        },
        "casesHeaderTxt": {
            "locatorType": "xpath",
            "locatorValue": "//*[@class='voice voice-brand pull-left'][text()='M&D Cases']"
        },
        "billingTab": {
            "locatorType": "id",
            "locatorValue": "billingLi"
        },
        "billingHeaderTxt": {
            "locatorType": "xpath",
            "locatorValue": "(//*[@class='pull-left page-title'][text()='CSA Billing'])[1]"
        },
        "userNameTxt": {
            "locatorType": "xpath",
            "locatorValue": "(//*[@class='btn btn-inverse dropdown-toggle'])[2]"
        },
        "setting": {
            "locatorType": "id",
            "locatorValue": "settingsLi"
        },
        "mySetting": {
            "locatorType": "id",
            "locatorValue": "mySitesView"
        },
        "mySitesSearchKey": {
            "locatorType": "id",
            "locatorValue": "mySitesSearchKey"
        },
        "mySitesSelection": {
            "locatorType": "xpath",
            "locatorValue": "//*[@id='mysitesTreeViewBody']/ul/li[731]/input"
        },
        "myContactsSearchFld": {
            "locatorType": "xpath",
            "locatorValue": "(//*[@class='myfleetSearchBox search-query fontitalic'])[1]"
        },
        "mySitesApplyBtn": {
            "locatorType": "id",
            "locatorValue": "AddMySitesButtonTop"
        },
        "mySitesAddConformationMsg": {
            "locatorType": "id",
            "locatorValue": "addUnitMessage"
        },
        "tccViewandEditBtn": {
            "locatorType": "xpath",
            "locatorValue": "(//table[@id='myCustomerTable']//*[@class='btn btn-icon btn-small viewsmall'][@data-title='View'])[2]"
        },
        "termsAndCondtionpageHeader": {
            "locatorType": "xpath",
            "locatorValue": "//*[@id='ContractViewHeader']/h1"
        },
        "createNewVersionBtn": {
            "locatorType": "id",
            "locatorValue": "createnewversion"
        },
        "createVersionDesc": {
            "locatorType": "id",
            "locatorValue": "createVersionDesc"
        },
        "createNewVersionCommitBtn": {
            "locatorType": "id",
            "locatorValue": "confirmid1"
        },
        "billingCommitBtn": {
            "locatorType": "id",
            "locatorValue": "commit"
        },
        "billingConformationCommitBtn": {
            "locatorType": "id",
            "locatorValue": "confirmid3"
        },
        "billingConformationCommitTxt": {
            "locatorType": "xpath",
            "locatorValue": "(//*[@id='alertmodel']/p)[5]"
        },
        "billingConformationCommitMessage": {
            "locatorType": "xpath",
            "locatorValue": "//*[@id='invoiceButtonAction']/div/strong"
        },
        "billingbackbtnheader": {
            "locatorType": "id",
            "locatorValue": "backbtnheader"
        },
        "billingScheduleHeaderTxt": {
            "locatorType": "xpath",
            "locatorValue": "//*[@class='voice voice-brand pull-left titlColap'][text()='Billing Schedule']"
        },
        "billingScheduleFromDateCalenarIcon": {
            "locatorType": "xpath",
            "locatorValue": "//*[@id='MyInvoiceCustomers']/div[2]/span[1]/button"
        },
        "billingScheduleFromDateCalenarYr": {
            "locatorType": "xpath",
            "locatorValue": "/html/body/div[8]/div[1]/table/thead/tr[1]/th[2]"
        },
        "billingScheduleFromDateCalenarYrBackBtn": {
            "locatorType": "xpath",
            "locatorValue": "/html/body/div[8]/div[2]/table/thead/tr/th[1]"
        },
        "billingScheduleFromDateCalenarYrFrontBtn": {
            "locatorType": "xpath",
            "locatorValue": "/html/body/div[8]/div[2]/table/thead/tr/th[3]"
        },
        "billingScheduleFromDateCalenarMonth": {
            "locatorType": "xpath",
            "locatorValue": "/html/body/div[8]/div[2]/table/tbody/tr/td/span[1]"
        },
        "billingScheduleFromDateCalenarFrontDateBtn": {
            "locatorType": "xpath",
            "locatorValue": "/html/body/div[8]/div[1]/table/tbody/tr[2]/td[1]"
        },
        "billingScheduleFromDateCalenarDate": {
            "locatorType": "xpath",
            "locatorValue": "/html/body/div[8]/div[1]/table/tbody/tr[1]/td[2]"
        },
        "billingScheduleToDateCalenarIcon": {
            "locatorType": "xpath",
            "locatorValue": "//*[@id='MyInvoiceCustomers']/div[2]/span[2]/button"
        },
        "billingScheduleToDateCalenarMonth": {
            "locatorType": "xpath",
            "locatorValue": "/html/body/div[8]/div[1]/table/thead/tr[1]/th[2]"
        },
        "billingScheduleToDateCalenarMonthIcon": {
            "locatorType": "xpath",
            "locatorValue": "/html/body/div[8]/div[2]/table/tbody/tr/td/span[12]"
        },
        "billingScheduleToDateCalenar": {
            "locatorType": "xpath",
            "locatorValue": "/html/body/div[8]/div[1]/table/tbody/tr[6]/td[3]"
        },
        "billingScheduleSearchFld": {
            "locatorType": "xpath",
            "locatorValue": "(//*[@class='myfleetSearchBox search-query fontitalic'])[2]"
        },
        "billingScheduleFilterApplyBtn": {
            "locatorType": "xpath",
            "locatorValue": "(//*[@id='dateApplyInvoice'])[1]"
        },
        "billingScheduleFilterSearchFld": {
            "locatorType": "xpath",
            "locatorValue": "//*[@id='MyInvoiceCustomers']/div[2]/div[1]/input"
        },
        "billingScheduleCalculateBtn": {
            "locatorType": "xpath",
            "locatorValue": "(//*[@id='Calculate'])[1]"
        },
        "billingScheduleCalculatBtn": {
            "locatorType": "xpath",
            "locatorValue": "(//*[@id='Calculate'])[2]"
        },
        "billingScheduleCalculateConfChkBtn": {
            "locatorType": "xpath",
            "locatorValue": "//*[@id='projectBilledDiv']/label[1]/input"
        },
        "billingScheduleCalculateConfOkBtn": {
            "locatorType": "xpath",
            "locatorValue": "(//*[@id='invCalId'])[1]"
        },
        "billingScheduleCalculateUnitSnTxt": {
            "locatorType": "xpath",
            "locatorValue": "//*[@class='ui-grid-header-cell-label ng-binding'][text()='UNIT SN']"
        },
        "billingScheduleCalculateUnitSnValue": {
            "locatorType": "xpath",
            "locatorValue": "//*[@class='ui-grid-cell-contents ng-binding ng-scope ui-grid-cell-focus']"
        },
        "billingScheduleCalculatePeriodTxt": {
            "locatorType": "xpath",
            "locatorValue": "//*[@class='ui-grid-header-cell-label ng-binding'][text()='PERIOD/DATE']"
        },
        "billingScheduleCalculatePeriodValue": {
            "locatorType": "xpath",
            "locatorValue": "(//*[@class='ui-grid-cell-contents ng-binding ng-scope'])[2]"
        },
        "billingScheduleCalculateTypeTxt": {
            "locatorType": "xpath",
            "locatorValue": "//*[@class='ui-grid-header-cell-label ng-binding'][text()='TYPE']"
        },
        "billingScheduleCalculateTypeValue": {
            "locatorType": "xpath",
            "locatorValue": "(//*[@class='ui-grid-cell-contents ng-binding ng-scope'])[3]"
        },
        "billingSchedulePeriodEventTxt": {
            "locatorType": "xpath",
            "locatorValue": "//*[@id='myInvoiceCustomerTable']/tbody/tr[1]/td[7]"
        },
        "feeFrequency2_2Monthly": {
            "locatorType": "xpath",
            "locatorValue": "//*[@id='2-4-RADIO']"
        },
        "feeFrequency2_2Quarterly": {
            "locatorType": "xpath",
            "locatorValue": "//*[@id='2-5-RADIO']"
        },
        "backCalculatorBtn": {
            "locatorType": "xpath",
            "locatorValue": "//button[@id='backCalculator']"
        },
        "invoiceOutputChkBox": {
            "locatorType": "xpath",
            "locatorValue": "//*[@id='Internal: pending ops data']"
        },
        "invoiceOutputOtherChkBox": {
            "locatorType": "xpath",
            "locatorValue": "//*[@id='Other']"
        },
        "confirmInvoiceReasonBtn": {
            "locatorType": "xpath",
            "locatorValue": "//*[@id='confirmInvoiceReason']"
        },
        "monthly": {
            "locatorType": "xpath",
            "locatorValue": "//*[@id='3-8-RADIO']"
        },
        "quarterly": {
            "locatorType": "xpath",
            "locatorValue": "//*[@id='3-9-RADIO']"
        },
        "semiAnnually": {
            "locatorType": "xpath",
            "locatorValue": "//*[@id='3-10-RADIO']"
        },
        "annually": {
            "locatorType": "xpath",
            "locatorValue": "//*[@id='3-11-RADIO']"
        },
        "billingScheduleEventPeriodTxt": {
            "locatorType": "xpath",
            "locatorValue": "//*[@id='myInvoiceCustomerTable']/tbody/tr[1]/td[7]"
        },
        "billingScheduleInvoiceTxt": {
            "locatorType": "xpath",
            "locatorValue": "//*[@id='myInvoiceCustomerTable']/tbody/tr[1]/td[9]"
        },
        "billingCalcInvDateTxt": {
            "locatorType": "id",
            "locatorValue": "billingCalcInvDate"
        },
        "myContractsTitle": {
            "locatorType": "xpath",
            "locatorValue": "(//*[@id='MyCustomers']/h3[text()='My Contracts'])[1]"
        },
        "billingScheduleTitle": {
            "locatorType": "xpath",
            "locatorValue": "//*[@id='MyInvoiceCustomers']/h3"
        },
        "outageScheduleTitle": {
            "locatorType": "xpath",
            "locatorValue": "//*[@id='MyOutageCustomers']/h3"
        },
        "myContractsCustomersTitle": {
            "locatorType": "xpath",
            "locatorValue": "(//*[@tabindex='0'][text()='Customers'])[1]"
        },
        "myContractsContractTitle": {
            "locatorType": "xpath",
            "locatorValue": "//*[@id='myCustomerTable']/thead/tr/th[2]"
        },
        "myContractsModelIDTitle": {
            "locatorType": "xpath",
            "locatorValue": "(//*[@tabindex='0'][text()='Model ID'])[1]"
        },
        "myContractsSiteTitle": {
            "locatorType": "xpath",
            "locatorValue": "(//*[@tabindex='0'][text()='Site'])[1]"
        },
        "myContractsStatusTitle": {
            "locatorType": "xpath",
            "locatorValue": "(//*[@tabindex='0'][text()='Status'])[1]"
        },
        "myContractsOpDataTitle": {
            "locatorType": "xpath",
            "locatorValue": "(//*[@tabindex='0'][text()='Op Data'])[1]"
        },
        "myContractsTandCsTitle": {
            "locatorType": "xpath",
            "locatorValue": "//*[@id='myCustomerTable']/thead/tr/th[7]"
        },
        "billingScheduleTotalAmount": {
            "locatorType": "xpath",
            "locatorValue": "//*[@id='myInvoiceCustomerTable']/tbody/tr[1]/td[8]"
        },
        "billingScheduleInvoiceTotalAmount": {
            "locatorType": "xpath",
            "locatorValue": "(//*[@class='ui-grid-cell-contents ng-binding ng-scope'][contains(.,'Total :')])[1]"
        },
        "billingOpsDataViewBtn": {
            "locatorType": "xpath",
            "locatorValue": "(//*[@class='btn btn-icon btn-small viewsmall'])[1]"
        },
        "billingOpsDataFromCalendarIcon": {
            "locatorType": "xpath",
            "locatorValue": "//*[@id='HoursMnDSection']/div[2]/span[1]/button"
        },
        "billingOpsDataCalendarJanBtn": {
            "locatorType": "xpath",
            "locatorValue": "/html/body/div[8]/div[2]/table/tbody/tr/td/span[1]"
        },
        "billingOpsDataToCalendarIcon": {
            "locatorType": "xpath",
            "locatorValue": "//*[@id='HoursMnDSection']/div[2]/span[2]/button"
        },
        "billingOpsDataToCalendarFebBtn": {
            "locatorType": "xpath",
            "locatorValue": "/html/body/div[8]/div[2]/table/tbody/tr/td/span[2]"
        },
        "billingOpsDataToCalendarApplyBtn": {
            "locatorType": "xpath",
            "locatorValue": "//*[@class='btn btn-primary datealign myfleetInputs myfleetButtons'][text()='Apply']"
        },
        "billingOpsBackToBillingBtn": {
            "locatorType": "xpath",
            "locatorValue": "//*[@class='button'][text()=' < Back To Billing']"
        },
        "billing293DeleteBtn": {
            "locatorType": "xpath",
            "locatorValue": "(//*[@class='glyphicon glyphicon-trash'])[2]"
        },
        "escalationBillingTypeTxt": {
            "locatorType": "xpath",
            "locatorValue": "(//*[@class='ui-grid-cell-contents small-grid-font ng-binding ng-scope'])[6]"
        },
        "opsDataUnitIdTxt": {
            "locatorType": "xpath",
            "locatorValue": "(//*[@class='btn btn-position borderprojId']/font)[1]"
        },
        "opsDataUnitIdTxt1": {
            "locatorType": "xpath",
            "locatorValue": "(//*[@class='btn btn-position borderprojId']/font)[2]"
        },
        "escalationBillingVariableTypeTxt": {
            "locatorType": "xpath",
            "locatorValue": "(//*[@class='ui-grid-cell-contents small-grid-font ng-binding ng-scope'])[16]"
        },
        "escalationBillingVariableTypeTxt1": {
            "locatorType": "xpath",
            "locatorValue": "(//*[@class='ui-grid-cell-contents small-grid-font ng-binding ng-scope'])[36]"
        },
        "escalationBillingVariableType": {
            "locatorType": "xpath",
            "locatorValue": "//*[@class='ui-grid-cell-contents small-grid-font ng-binding ng-scope'][contains(.,'Escalation')]"
        },
        "generalContractTermsAndConditions": {
            "locatorType": "xpath",
            "locatorValue": "//*[@id='generalContractWidget']/div[1]/h3"
        },
        "equipmentSNID": {
            "locatorType": "xpath",
            "locatorValue": "(//*[@class='ui-grid-cell-contents small-grid-font ng-binding ng-scope'])[3]"
        },
        "equipmentSNID1": {
            "locatorType": "xpath",
            "locatorValue": "(//*[@class='ui-grid-cell-contents small-grid-font ng-binding ng-scope'])[5]"
        },
        "proJectID": {
            "locatorType": "xpath",
            "locatorValue": "(//*[@class='ui-grid-cell-contents ng-binding ng-scope'])[5]"
        },
        "projectID1": {
            "locatorType": "xpath",
            "locatorValue": "(//*[@class='ui-grid-cell-contents ng-binding ng-scope'])[6]"
        },
        "invoiceProjectID1": {
            "locatorType": "xpath",
            "locatorValue": "(//*[@class='btn btn-position borderprojId']/font)[1]"
        },
        "invoiceProjectID2": {
            "locatorType": "xpath",
            "locatorValue": "(//*[@class='btn btn-position borderprojId']/font)[2]"
        },
        "invoiceEquipmentID1": {
            "locatorType": "xpath",
            "locatorValue": "(//*[@class='ui-grid-cell-contents ng-binding ng-scope'])[10]"
        },
        "invoiceEquipmentID2": {
            "locatorType": "xpath",
            "locatorValue": "(//*[@class='ui-grid-cell-contents ng-binding ng-scope'])[22]"
        },
        "termsCondtionRowBtn": {
            "locatorType": "xpath",
            "locatorValue": "//*[@id='28']/div[5]/div[2]/a"
        },
        "forcastTab": {
            "locatorType": "xpath",
            "locatorValue": "(//*[@id='forecast']/a)[1]"
        },
        "forcastSearchOption": {
            "locatorType": "xpath",
            "locatorValue": "(//*[@id='MyCustomers']/div[1]/div[1]/input)[2]"
        },
        "forcastViewEditBtn": {
            "locatorType": "xpath",
            "locatorValue": "(//*[@class='btn btn-icon btn-small viewsmall'])[1]"
        },
        "forcast1stSiteBtn": {
            "locatorType": "xpath",
            "locatorValue": "//*[@id='ForecastDashboard']/div[2]/section[5]/div[1]/h3/b"
        },
        "forcastCumilativeFFHTxt": {
            "locatorType": "xpath",
            "locatorValue": "(//*[@class='table table-bordered opsDataForecastDashboardTable opsDataTable']/tbody/tr[1]/td[3])[1]"
        },
        "summaryCustNameHeader": {
            "locatorType": "xpath",
            "locatorValue": "(//*[@id='unitcustomerLabel']/b)[1]"
        },
        "summaryContractIDHeader": {
            "locatorType": "xpath",
            "locatorValue": "(//*[@id='unitframetypeLabel']/b)[1]"
        },
        "summaryModelIDHeader": {
            "locatorType": "xpath",
            "locatorValue": "(//*[@id='unitconfigLabel']/b)[1]"
        },
        "summarySiteHeader": {
            "locatorType": "xpath",
            "locatorValue": "(//*[@id='unitconfigLabel']/b)[2]"
        },
        "summaryContractstartdate": {
            "locatorType": "xpath",
            "locatorValue": "(//*[@id='unitframetypeLabel'])[2]"
        },
        "summaryPerformancestartdate": {
            "locatorType": "xpath",
            "locatorValue": "(//*[@id='unitframetypeLabel'])[3]"
        },
        "summaryContractenddate": {
            "locatorType": "xpath",
            "locatorValue": "(//*[@id='unitconfigLabel']/b)[3]"
        },
        "summaryContractcurrency": {
            "locatorType": "xpath",
            "locatorValue": "//*[@id='contractCurrencyLabel']"
        },
        "summaryInvoicingcurrency": {
            "locatorType": "xpath",
            "locatorValue": "(//*[@id='invoiceCurrencyLabel']/b)[1]"
        },
        "summaryVersionforbilling": {
            "locatorType": "xpath",
            "locatorValue": "//*[@id='versionUsedLabel']/b"
        },
        "summaryVersionname": {
            "locatorType": "xpath",
            "locatorValue": "(//*[@id='unitconfigLabel']/b)[4]"
        },
        "summaryVersiondate": {
            "locatorType": "xpath",
            "locatorValue": "(//*[@id='unitconfigLabel']/b)[5]"
        },
        "summaryVersiondescription": {
            "locatorType": "xpath",
            "locatorValue": "(//*[@id='unitconfigLabel']/b)[6]"
        },
        "generalcontractTandCs": {
            "locatorType": "xpath",
            "locatorValue": "//*[contains(text(), 'General Contract Terms And Conditions')]"
        },
        "fixedbillingTandCs": {
            "locatorType": "xpath",
            "locatorValue": "//*[@id='fixedBillingWidget']/div[1]/h3"
        },
        "variablebillingTandCs": {
            "locatorType": "xpath",
            "locatorValue": "//*[@id='variableBillingWidget']/div[1]/h3"
        },
        "milestonebillingTandCs": {
            "locatorType": "xpath",
            "locatorValue": "//*[@id='milestoneBillingWidget']/div[1]/h3"
        },
        "leasedbillingTandCs": {
            "locatorType": "xpath",
            "locatorValue": "//*[@id='leasedUnitBillingWidget']/div[1]/h3"
        },
        "generalcontractTandCsquestion": {
            "locatorType": "xpath",
            "locatorValue": "//*[@id='135']/p"
        },
        "sameFrequencyRadBtn": {
            "locatorType": "xpath",
            "locatorValue": "//input[@type='radio'][@value='Same Frequency as General Reoccurring Invoice']"
        },
        "annualSeprtRadiobtn": {
            "locatorType": "xpath",
            "locatorValue": "//input[@type='radio'][@value='Annually, as a separate invoice']"
        },
        "annualCombinedRadiobtn": {
            "locatorType": "xpath",
            "locatorValue": "//input[@type='radio'][@value='Annually, combined with reoccurring invoice']"
        },
        "weeklyUsageYesRdbtn": {
            "locatorType": "css",
            "locatorValue": "input[id='142-91-RADIO']"
        },
        "seprtFixMembrshpAmnt": {
            "locatorType": "xpath",
            "locatorValue": "//input[@name='140-Currency']"
        },
        "prorationYesRadioBtn": {
            "locatorType": "css",
            "locatorValue": "input[id='141-91-RADIO']"
        },
        "prorationNORadioBtn": {
            "locatorType": "css",
            "locatorValue": "input[id='141-92-RADIO']"
        },
        "weeklyusagefeelangauageYesRadioBtn": {
            "locatorType": "xpath",
            "locatorValue": "//*[contains(text(), 'Does Weekly Usage  Fee Language Apply')]//following-sibling::div/div/div[1]/label/input[@type='radio']"
        },
        "weeklyusagefeelangauageNoRadioBtn": {
            "locatorType": "xpath",
            "locatorValue": "//*[contains(text(), 'Does Weekly Usage  Fee Language Apply')]//following-sibling::div/div/div[2]/label/input[@type='radio']"
        },
        "addRowBtn": {
            "locatorType": "xpath",
            "locatorValue": "//*[@id='144']/div/div[2]/a"
        },
        "weklyusamntaddSuccesesMsg": {
            "locatorType": "xpath",
            "locatorValue": "//*[@id='invoiceButtonAction']/div/strong"
        },
        "savebtn": {
            "locatorType": "xpath",
            "locatorValue": "//*[@id='save-print']/div/button[2]"
        },
        "saveasCsv": {
            "locatorType": "id",
            "locatorValue": "exportInvoiceCSV"
        },
        "saveasExcel": {
            "locatorType": "xpath",
            "locatorValue": "//a[@id='exportInvoiceExcel']"
        },
        "saveasPdf": {
            "locatorType": "xpath",
            "locatorValue": "(//a[@id='exportInvoiceCSV'])[2]"
        },
        "approveBtn": {
            "locatorType": "xpath",
            "locatorValue": "(//button[@id='approveCalculator'])[1]"
        },
        "sendToFoxtrot": {
            "locatorType": "xpath",
            "locatorValue": "(//a[@id='exportInvoiceCSV'])[2]"
        },
        "forecastBtn": {
            "locatorType": "xpath",
            "locatorValue": "//li[@id='forecast']/a"
        },
        "searchforcntrct": {
            "locatorType": "css",
            "locatorValue": "input[data-filter-table='myCustomersTable1']"
        },
        "view_edit": {
            "locatorType": "css",
            "locatorValue": "a[id='AERO100061-17339869']"
        },
        "contrctlablText": {
            "locatorType": "xapth",
            "locatorValue": "((//*[contains(text(), 'ContractNumber')])[3]/ancestor::td/following::td/label)[1]"
        },
        "backToforecast": {
            "locatorType": "css",
            "locatorValue": "#backbtnheader1"
        },
        "customer": {
            "locatorType": "xpath",
            "locatorValue": "//label[@id='customerName']"
        },
        "cnctrtNumber": {
            "locatorType": "xpath",
            "locatorValue": "//label[@id='contractNumber']"
        },
        "siteName": {
            "locatorType": "xpath",
            "locatorValue": "//label[@id='siteName']"
        },
        "previousYearRad": {
            "locatorType": "xpath",
            "locatorValue": "//input[@name='opsDataOption'][@value='Previous Year']"
        },
        "monthlyAvgDatarad": {
            "locatorType": "xpath",
            "locatorValue": "//input[@name='opsDataOption'][@value='Previous Year Monthly Average']"
        },
        "manualAdjRad": {
            "locatorType": "xpath",
            "locatorValue": "//input[@name='opsDataOption'][@value='Manual Adjustment']"
        },
        "userAdjustedEscala": {
            "locatorType": "xpath",
            "locatorValue": "//input[@name='escalationConfig'][@value='Adjusted Escalation']"
        },
        "forecastTable": {
            "locatorType": "xpath",
            "locatorValue": "//*[@id='forecastSummary']/tbody"
        },
        "forecastView_editBtn": {
            "locatorType": "xpath",
            "locatorValue": "//table[@id='myCustomerTable1']//*[@class='btn btn-icon btn-small viewsmall'][@data-title='View']"
        },
        "billingSearch": {
            "locatorType": "xpath",
            "locatorValue": "//*[@id='MyInvoiceCustomers']/div[2]/div[1]/input"
        },
        "currentRate": {
            "locatorType": "xpath",
            "locatorValue": "//input[@name='escalationConfig'][@value='Current Rate']"
        },
        "escalationRate": {
            "locatorType": "xpath",
            "locatorValue": "//input[@id='escalationRate']"
        },
        "unitpath": {
            "locatorType": "xpath",
            "locatorValue": "//div[contains(@ng-click, 'toogleCollapse')]"
        },
        "invoiceHeader": {
            "locatorType": "xpath",
            "locatorValue": "//*[@id='billingInvoiceHeaderLabel']/b"
        },
        "periodDate": {
            "locatorType": "xpath",
            "locatorValue": "//*[@id='invoiceBillingGrid']/div[2]/div[1]/div[2]/div/div/div/div[2]/div"
        },
        "backbtn": {
            "locatorType": "xpath",
            "locatorValue": "//*[@id='backToForecast']"
        },
        "addAdj": {
            "locatorType": "xpath",
            "locatorValue": "//*[@id='billingInvAddRow']"
        },
        "topMsg": {
            "locatorType": "xpath",
            "locatorValue": "//*[@id='calculatorSummary']/div[27]/div/section/label[2]/text()"
        },
        "invoiceFooter": {
            "locatorType": "xpath",
            "locatorValue": "//*[@id='billingInvoiceFooterLabel']/b"
        },
        "invoicePODate": {
            "locatorType": "xpath",
            "locatorValue": "//*[@id='CustomerPaymentDateLabel']/b"
        },
        "unlock": {
            "locatorType": "xpath",
            "locatorValue": "//*[@id='unlockForecast']"
        },
        "poLine": {
            "locatorType": "xpath",
            "locatorValue": "//*[@id='invoiceBillingGrid']//span[contains(text(),'PO LINE')]"
        },
        "unitOpDataSummary": {
            "locatorType": "xpath",
            "locatorValue": "//table[contains(@id, 'prevOpsDataForecastDashboardTable')]"
        },
        "foreCastSummaryGrid": {
            "locatorType": "xpath",
            "locatorValue": "(//table[contains(@id, 'opsDataForecastDashboardTable')])[1]"
        },
        "lockForeButton": {
            "locatorType": "xpath",
            "locatorValue": "//*[@id='lockForecast']"
        },
        "lockForeButtonconf": {
            "locatorType": "xpath",
            "locatorValue": "//*[@id='forecastCalId']"
        },
        "locksuccess": {
            "locatorType": "xpath",
            "locatorValue": "//*[@id='errorDiv']/div/strong"
        },
        "Systemgenerated": {
            "locatorType": "xpath",
            "locatorValue": "//*[@id='125']/p"
        },
        "totalCastSummaryGrid": {
            "locatorType": "xpath",
            "locatorValue": "//div[@id='forecastSummary_wrapper'][@role='grid']"
        },
        "backToBilling": {
            "locatorType": "xpath",
            "locatorValue": "//*[contains(text(), 'Back To Billing')]"
        },
        "forecastOpsDataIconn": {
            "locatorType": "css",
            "locatorValue": "button[id='forecastOpsDataIcon']"
        },
        "exportForecastOpsDataToExcel": {
            "locatorType": "css",
            "locatorValue": "a[id='exportForecastOpsDataToExcel']"
        },
        "adjustmentTemp": {
            "locatorType": "id",
            "locatorValue": "adjustmentsTemplateLink"
        },
        "saveAndRefresh": {
            "locatorType": "css",
            "locatorValue": "button[value='Forecast']"
        },
        "useCurrentRate": {
            "locatorType": "css",
            "locatorValue": "input[id='useCurrentRate']"
        },
        "uploadAdj": {
            "locatorType": "css",
            "locatorValue": "a[ng-click='uploadTrueUpAdjustmentsTemplate();']"
        },
        "choose": {
            "locatorType": "xpath",
            "locatorValue": "//*[@id='files']"
        },
        "fileUploadBtn": {
            "locatorType": "css",
            "locatorValue": "a[ng-click='uploadTrueUpAdjustments();']"
        },
        "customerPO": {
            "locatorType": "xpath",
            "locatorValue": "//*[@id='CustomerPOLabel']/b"
        },
        "forecastCustomerName": {
            "locatorType": "xpath",
            "locatorValue": "//label[@id='customerName']"
        },
        "forecastContractNumber": {
            "locatorType": "xpath",
            "locatorValue": "//label[@id='contractNumber']"
        },
        "forecastSiteName": {
            "locatorType": "xpath",
            "locatorValue": "//label[@id='siteName']"
        },
        "verifyProbationApply": {
            "locatorType": "xpath",
            "locatorValue": "//*[@id='leasedUnitBillingForms']/div[25]/div/p"
        },
        "reviewbutton": {
            "locatorType": "xpath",
            "locatorValue": "//*[@data-title='Review']"
        },
        "alertmodelreoccuringfee": {
            "locatorType": "xpath",
            "locatorValue": "//*[@id='alertmodel']/table/tbody/tr[28]"
        },
        "alertmodeltext": {
            "locatorType": "xpath",
            "locatorValue": "(//*[@id='alertmodel']/div[2])[2]"
        },
        "alertwindow": {
            "locatorType": "xpath",
            "locatorValue": "//*[@id='invoiceAddAdjModal']/div/div"
        },
        "backwindow": {
            "locatorType": "xpath",
            "locatorValue": "(//*[@id='alertmodel'][@class='modal-body'])[15]"
        },
        "deletebutton": {
            "locatorType": "xpath",
            "locatorValue": "//*[@class='glyphicon glyphicon-trash']"
        },
        "scheduledyear": {
            "locatorType": "xpath",
            "locatorValue": "//div[contains(@class, 'datepicker-year')]/table/tbody/tr/td/span[9]"
        },
        "scheduledmonth": {
            "locatorType": "xpath",
            "locatorValue": "//div[contains(@class, 'datepicker-month')]/table/tbody/tr/td/span[1]"
        },
        "scheduleddays": {
            "locatorType": "xpath",
            "locatorValue": "//div[contains(@class, 'datepicker-days')]/table/tbody/tr[2]/td[1]"
        },
        "allBillings": {
            "locatorType": "css",
            "locatorValue": "input[id='21-93-chkbox']"
        },
        "escalationSame": {
            "locatorType": "css",
            "locatorValue": "input[id='22-92-RADIO']"
        },
        "monthlyFeeFreqncyRdiobtn": {
            "locatorType": "xpath",
            "locatorValue": "//input[@type='radio'][@value='Monthly fee']"
        },
        "monthlyInvoicefreqncyRdioBtn": {
            "locatorType": "xpath",
            "locatorValue": "//input[@type='radio'][@value='Monthly']"
        },
        "oneRateAcrssFeeModeRdioBtn": {
            "locatorType": "xpath",
            "locatorValue": "//input[@type='radio'][@value='One rate across the entire contract timeline']"
        },
        "forecastOpStatus": {
            "locatorType": "xpath",
            "locatorValue": "//table[contains(@id, 'prevOpsDataForecastDashboardTable')]/tbody/tr[12]/td[4]"
        },
        "billingScheduleReviewBtn": {
            "locatorType": "xpath",
            "locatorValue": "//*[@id='Review']"
        },

        "reoccuringfee": {
            "locatorType": "xpath",
            "locatorValue": "//*[@id='otherAdjustGrid']/div[2]/div/div[1]"
        },

        "ContractBillingEscaltionYes": {
            "locatorType": "xpath",
            "locatorValue": "//*[@ng-model='answerObjList.responseText'][@id='20-91-RADIO']"
        },
        "EsaclationRate": {
            "locatorType": "xpath",
            "locatorValue": "(//*[@name='22-RADIO'])[2]"
        },
        "billingScheduleStatus": {
            "locatorType": "xpath",
            "locatorValue": "//*[@id='myInvoiceCustomerTable']/tbody/tr[1]/td[11]"
        },
        "billingScheduleAmount": {
            "locatorType": "xpath",
            "locatorValue": "//*[@id='myInvoiceCustomerTable']/tbody/tr[1]/td[8]"
        },
        "billedoutstatus": {
            "locatorType": "xpath",
            "locatorValue": "//*[@id='calculatorSummary']/div[35]/div/section/label[5]"
        },
        "forecastOpmonth": {
            "locatorType": "xpath",
            "locatorValue": "//table[contains(@id, 'prevOpsDataForecastDashboardTable')]/tbody/tr[12]/td[1]"
        }
    },





    "myFleetPage": {
        "myContactsSearchFld": {
            "locatorType": "xpath",
            "locatorValue": "(//*[@class='myfleetSearchBox search-query fontitalic'])[1]"
        },
        "myContactsCommitBtn": {
            "locatorType": "xpath",
            "locatorValue": "//*[@id='commit']"
        },
        "myContactsConformationCommitBtn": {
            "locatorType": "xpath",
            "locatorValue": "//*[@id='confirmid3']"
        },
        "monetizationTab": {
            "locatorType": "xpath",
            "locatorValue": "//*[@id='monetizationTab']/a"
        },
        "monetizationContractIDLbl": {
            "locatorType": "xpath",
            "locatorValue": "(//*[@id='unitframetypeLabel']/b)[4]"
        },
        "monetizationContractID": {
            "locatorType": "xpath",
            "locatorValue": "(//*[@id='contractNumber'])[1]"
        },
        "monetizationModelIDLbl": {
            "locatorType": "xpath",
            "locatorValue": "(//*[@id='unitconfigLabel']/b)[7]"
        },
        "monetizationModelID": {
            "locatorType": "xpath",
            "locatorValue": "(//*[@id='modelNum'])[1]"
        },
        "forecastTable": {
            "locatorType": "xpath",
            "locatorValue": "//*[@id='forecastSummary']/tbody"
        },
        "monetizationCustomerNameLbl": {
            "locatorType": "xpath",
            "locatorValue": "(//*[@id='unitcustomerLabel']/b)[2]"
        },
        "monetizationCustName": {
            "locatorType": "xpath",
            "locatorValue": "(//*[@id='customerName'])[1]"
        },
        "monetizationSiteNameLbl": {
            "locatorType": "xpath",
            "locatorValue": "(//*[@id='unitconfigLabel']/b)[8]"
        },
        "billingScheduleFromDateCalenarMonth": {
            "locatorType": "xpath",
            "locatorValue": "/html/body/div[8]/div[2]/table/tbody/tr/td/span[1]"
        },
        "monetizationSiteName": {
            "locatorType": "xpath",
            "locatorValue": "(//*[@id='siteId'])[1]"
        },
        "Systemgenerated": {
            "locatorType": "xpath",
            "locatorValue": "//*[@id='125']/p"
        },
        "periodDate": {
            "locatorType": "xpath",
            "locatorValue": "//*[@id='invoiceBillingGrid']/div[2]/div[1]/div[2]/div/div/div/div[2]/div"
        },
        "backbtn": {
            "locatorType": "xpath",
            "locatorValue": "//*[@id='backToForecast']"
        },
        "lockForeButton": {
            "locatorType": "xpath",
            "locatorValue": "//*[@id='lockForecast']"
        },
        "billingScheduleFromDateCalenarYr": {
            "locatorType": "xpath",
            "locatorValue": "/html/body/div[8]/div[1]/table/thead/tr[1]/th[2]"
        },
        "billingScheduleFromDateCalenarYrBackBtn": {
            "locatorType": "xpath",
            "locatorValue": "/html/body/div[8]/div[2]/table/thead/tr/th[1]"
        },
        "billingScheduleFromDateCalenarYrFrontBtn": {
            "locatorType": "xpath",
            "locatorValue": "/html/body/div[8]/div[2]/table/thead/tr/th[3]"
        },
        "addAdj": {
            "locatorType": "xpath",
            "locatorValue": "//*[@id='billingInvAddRow']"
        },
        "lockForeButtonconf": {
            "locatorType": "xpath",
            "locatorValue": "//*[@id='forecastCalId']"
        },
        "locksuccess": {
            "locatorType": "xpath",
            "locatorValue": "//*[@id='errorDiv']/div/strong"
        },
        "unlock": {
            "locatorType": "xpath",
            "locatorValue": "//*[@id='unlockForecast']"
        },
        "billingScheduleFromDateCalenarDate": {
            "locatorType": "xpath",
            "locatorValue": "/html/body/div[8]/div[1]/table/tbody/tr[1]/td[2]"
        },
        "topMsg": {
            "locatorType": "xpath",
            "locatorValue": "//*[@id='calculatorSummary']/div[27]/div/section/label[2]/text()"
        },
        "customerPO": {
            "locatorType": "xpath",
            "locatorValue": "//*[@id='CustomerPOLabel']/b"
        },
        "billingSearch": {
            "locatorType": "xpath",
            "locatorValue": "//*[@id='MyInvoiceCustomers']/div[2]/div[1]/input"
        },
        "invoiceHeader": {
            "locatorType": "xpath",
            "locatorValue": "//*[@id='billingInvoiceHeaderLabel']/b"
        },
        "monetizationBillingTypeOption": {
            "locatorType": "xpath",
            "locatorValue": "//*[@class='sorting_desc'][text()='Billing Type']"
        },
        "monetizationProjectIdOption": {
            "locatorType": "xpath",
            "locatorValue": "//*[@class='sorting'][text()='Project Id']"
        },
        "monetizationPeriodEventOption": {
            "locatorType": "xpath",
            "locatorValue": "(//*[@class='sorting'][text()='Period/Event'])[2]"
        },
        "verifyProbationApply": {
            "locatorType": "xpath",
            "locatorValue": "//*[@id='leasedUnitBillingForms']/div[25]/div/p"
        },
        "invoiceFooter": {
            "locatorType": "xpath",
            "locatorValue": "//*[@id='billingInvoiceFooterLabel']/b"
        },
        "invoicePODate": {
            "locatorType": "xpath",
            "locatorValue": "//*[@id='CustomerPaymentDateLabel']/b"
        },
        "poLine": {
            "locatorType": "xpath",
            "locatorValue": "//*[@id='invoiceBillingGrid']//span[contains(text(),'PO LINE')]"
        },
        "monetizationMonetizedAmountOption": {
            "locatorType": "xpath",
            "locatorValue": "//*[@class='sorting'][text()='Monetized Amount']"
        },
        "tccViewandEditBtn": {
            "locatorType": "xpath",
            "locatorValue": "(//table[@id='myCustomerTable']//*[@class='btn btn-icon btn-small viewsmall'][@data-title='View'])[2]"
        },
        "monetizationInvoiceDateOption": {
            "locatorType": "xpath",
            "locatorValue": "(//*[@class='sorting'][text()='Invoice Date'])[2]"
        },
        "monetizationPaymentTermsOption": {
            "locatorType": "xpath",
            "locatorValue": "//*[@class='sorting'][text()='Payment Terms']"
        },
        "monetizationAlphaProvisionalInvoiceOption": {
            "locatorType": "xpath",
            "locatorValue": "//*[@class='sorting'][text()='Alpha Provisional Invoice#']"
        },
        "monetizationBillingStatusOption": {
            "locatorType": "xpath",
            "locatorValue": "//*[@class='sorting'][text()='Billing Status']"
        },
        "monetizationBillingBackBtn": {
            "locatorType": "xpath",
            "locatorValue": "//*[@id='backbtnheader']/span"
        },
        "adjustmentTemp": {
            "locatorType": "id",
            "locatorValue": "adjustmentsTemplateLink"
        },
        "monetizationMANLNumber": {
            "locatorType": "xpath",
            "locatorValue": "//*[@id='billingInvoiceNumber']/span"
        },
        "leasedFixedMembershipFee71Yesbtn": {
            "locatorType": "xpath",
            "locatorValue": "//*[@id='137-91-RADIO']"
        }
    },
    "filePath": {
        "billingCalculationCsv": "../TestData/DownLoad/Billing_Calculation_AERO100140.csv",
        "billingCalculationPdf": "../TestData/DownLoad/Billing_Calculation_AERO100140.pdf",
        "billingCalculationExcel": "../TestData/DownLoad/Billing_Calculation_AERO100140.xls",
        "billingCalculationExcelMonet": "../TestData/DownLoad/Forecast Summary details for CS26024-17342816.xls",
        "downloadedforecastSumryInExcel": "../TestData/DownLoad/Forecast Summary details for 9993642-2005413.xls",
        "outputFilePath": "./Output.json",
        "forecastOpDataInExcel": "../TestData/DownLoad/Forecast OpsData details for 9993642-2005413).xls",
        "pathForAeroCnct": "../TestData/DownLoad/Forecast Summary details for AERO100035-12327883.xls",
        "pathForAeroCnctOpdata": "../TestData/DownLoad/Forecast OpsData details for AERO100035-12327883).xls",
        "downloadedTrueupExcel": "../TestData/DownLoad/Forecast Summary details for 9992444-1249.xls",
        "startsDownloadeddFile": "../TestData/DownLoad/getUnapprovedStarts.xls",
        "unscheduledInvAdjustmentTemplt": "../TestData/DownLoad/TrueUpAdjustments_Template.xlsm",
        "unscheduledInvAdjustmentTempltAERO": "../TestData/DownLoad/AeroTrueUpAdjustments_Template.xlsm",
        "workBook": {
            "sheetName": "Forecast_Summary_Details"
        }
    },
    "forecastPage": {
        "summaryDownldlinkCss": "button[id='forecastBillingLoadsIcon']",
        "saveAsExcelCss": "a[id='exportForecastSummaryToExcel']",
        "forecastSummarySearchBox": "input[data-filter-table='forecastSummaryGrid']",
        "amountCell": "//table[@id='forecastSummary']/tbody/tr[1]/td[8]",
        "summaryReview": "a[id='Review']",
        "lockForecast": "button[id='lockForecast']",
        "proceedLock": "a[id='forecastCalId']",
        "back": "button[id='backToForecast']",
        "unit": "//*[@id='ForecastDashboard']//following::i[@class='module-arrow icon-chevron-right']",
        "highlightedrow": "//table[contains(@id, 'opsDataForecastDashboardTable')]/tbody/tr[contains(@style, 'background')]",
        "highlightedMonthStart": "(//table[contains(@id, 'opsDataForecastDashboardTable')]/tbody/tr[contains(@style, 'background')])[",
        "highlightedMonthEnd": "]/td[1]",
        "unitlist": "//*[@id='ForecastDashboard']//following::*[@class='voice voice-brand pull-left titlColap']/b",
        "forecastUnits": "(//*[@id='ForecastDashboard']//following::*[@class='voice voice-brand pull-left titlColap']/b)["
    }
}